"8613712341235","86","longlonglonglonglonglonglonglonglonglonglonglonglonglonglonglonglonglonglonglonglonglonglonglonglonglonglonglonglonglonglonglong","male","","CHINA","BeiJing","1999-09-09",1595396932
"8615212345684","86","Lili","female","2019-07-07","CHINA","BeiJing","2020-02-02",1594626054
"8613712341234","86","","male","","CHINA","BeiJing","",1595396932
"8615212345685","86","Lucy","male","2019-07-06","CHINA","BeiJing","2020-02-02",1594626051
"8613712341238","86","ChloéZoé","","","","","1999-09-09",1595396932
"8615212345686","86","Lucy","male","2020-07-06","CHINA","BeiJing","2020-02-02",1594023502
"8613712341230","86"," قضيت العام الدر","","","","BeiJing","1999-09-09",1595396932
"8613604676736","86","Edison","male","2017-01-21","CHINA","BeiJing","1989-09-09",1594020452
"8613712341236","86","￥@%&*","male","","","BeiJing","1999-09-09",1595396932
"8613712341239","86","     张    三  ","","","CHINA CHINA     CHINA     CHINACHINACHINACHINACHINA","BeiJing","1999-09-09",1595396932
"8613712341231","86","АлександрАлексей","female","","","BeiJing","1999-09-09",1595396932
"8613112341234","86","Jack","male","2020-06-06","CHINA","BeiJing","1999-09-09",1594020452
